Gene1	Gene2	protein_seq_g1	protein_seq_g2
KVP08_001350	KVP08_001355	MLSRIWQVFHSTIAAFFGVQSDRNRQKDFQTNSPLPYILMGIVLAIALVASLILLVSQVVG	MKGRLTQFSHILGSVTFKSSMMLAFTAVVVASLAFGVEKLTAGNDTPACACSSDTRYNNSLPSSHPNNRCAEQAQTLSWKTWLTGKNRSSQFHFVDLLELLHGHQDKPIDDMKPANSQQSY
KVP08_001560	KVP08_001565	MARMILLLDLGDWTGGHHGQSPYVVEFDSERLDSPFDVSEGWGHGLGGSSYSLARFVETEHYAQLKHHAPWAMTIIEQGLPTLDIEAIAQGLLAQYSSHRPNIPANLARYF	MSDYKMIPCAHYDYLELACMHGYRLDIELQDGSLCQALAITTQTHADKTEWLVVEHQTGQQTLRLDSIIAITPTDPHASFGRVIIASQ
KVP08_003560	KVP08_003565	MAKNRSRRLRKKLYSDEFTVYGFSVSCDLNIDKASEYDVFIDELLDFVESRNLMIGGGASHSKFDCFVVAEGRYDSVTEDDRTAIEIWFTNKPECTNVEISALVDVNFAI	MMKREYLYEYEVKGLSRFSWFNSLRYRLTFFFGGISLIFSLGFTSYLSSITSDKLLNAYAK
KVP08_005490	KVP08_005495	MSLNEQESSLATQATPPLAKARLPKRLIALLLLYVAASVSGLIAKQGVLFCLLTLLMVLGIIGRQKAGLIMLRGYTLVQLALVSMLPVILYDPDNLVAGPTTVHLGEWQEKLPDYVIFIVLIVLSLLQVWVAFDKKVKAWFKPKLNLNIMN	MSKTVKTFAEAAGMTPEGRYDYLVEQVKQHKVLWTLQDQDGCVMLTTEDEDCIPMWPTEEAAESWAVDDWSDCQTLAIPYDEWHERWVPGMEEDDLFVAVFPVQDDLGVVIPPYELDQRLVTKQSH
KVP08_006505	KVP08_006510	MPSNNAANLAAFLLPAIYRFLTPIPLKPNRLITLGNIYILSVKSADLPIELNT	MTSNVAQHQTELSADIKLVNELIELTQTGVDFYTRANTTVDDYSLKRIFIAQIKTYQGMLARFKQLLTQSLQQMGQHSVPPSQTRPYADVDALLIKQQLADALAVLCELERQRLNHLKQLIKKANHPRLISQLAEDIAWLQIHLDTLHLRSQAL
KVP08_006525	KVP08_006530	MKPMTMITTAFLALLLTFGLSACSDNHAEDAGEKIDEAITDTGNAIEDACEELKEGVKAKDTRC	MLGWTLMFLVVAIIAGLFGFTGIAGAAAGIAKIIFFLFIVLLVISLLVNALKGKAPRA
KVP08_011750	KVP08_011755	MSEDKYSIKIYLDYNIEDTVFKKFQKEWIDIEIFSRIKTQSCKAMYLMIQTTKFPEKSEFRISKEKIEKRLCANFKVEKSKVKNKNLKSQTNRIIKNTLNEITKLQTDIPHLI	MEQVPYTLKNSLIPAILLHSPVFSPLKNSVVRDKVFFRHERTYQESITYMGYQLDSDLDFKLYSFIVSKSHSKKDWAISFSRNELFDALNIKFDRDYKKFQSLFIRIERFKDCKFVLEFCKSGIKNNKSDFSKKRF
KVP08_013490	KVP08_013495	MIRNAWHFYYALRLVIKVVCGGFGIALLTP	MKKIIVLSLASLTLVGCGSPRYMGTPVPETNIKSEIVVVKDNETRSGFQNTIESWLQEHNYSYVVVPDNSKHDLNKLTLEYEGHWGWDLALYLKNAEITAYQGGQRVGEVKFKVPYTANPNKFGDASKRIGFMMDTLFGQMTPEQATQAANASSSTTPN
KVP08_014275	KVP08_014280	MIISPKVKKIAQFELLQREKHPDREYPFFNDFAYQWFERKKATWKNSYRNTIQNVLDKYLIPQFGNTLMNEITLSQVDFYRQQLMQMVRADNTRQLSNRRINNLLWLIVSMVSLAAEEYKFEYPLRRYRSLKEEKAESHPMTIKEVEDVKLALGTFYPLISRFAMLVSIDILPALKHGDSYS	MSKRLGKGTKMLATPKNLATAKTTLKKMNAEIDLGCFQYRDYFPKSKKNRSI
KVP08_019585	KVP08_019590	MFQSLLAKLSGSSNGEKCWQLIDQGARVIDVRSPEEFASGHLPQAINVPLPTLDQWLHQVENKQHPFVLYCGAGIRAQKGCDILRANGFECVVNGGSLKDLVCCQPS	MREEVQMITKCPRPPSGEQLPQPKVVRATRYSVSRNRGQASTKVRYIETSAISLGCKLCE
KVP08_019960	KVP08_019965	MQPITAFTLRVSDTEALTQPLYFNLQATGAKIAGRQLEAQYRCILPNGTQGYLLLTSYDCPFEESTECSLLDTSFKLVASCSLSQSYHSFLLYAHWPVADNGLRLHYYDQLFWDLHILPSRLGRFGGPRLEFSPVANPECDPRTASSIAELSQRLANIETDR	MPVHLFSRQPDRKSFLIYAVLLFIIEVLIARFVSSGFIRGFVGDVLVVILLFCMARTLVPVVNAKGESINRFWHTPWLALAVLLFAFGIEFGQYWGLVDKLGLGGNRLARIVIGSHFDPLDLLAYFVGYLILMGLYWKRN
